Name,Additional Info,Allegiance,Allegiance Cont.,Attachments,Building Within City Location Of...,Campaign Awareness,"Campaign Organizations, Clans, & Families",Campaign Signifnance,DM Description,Dungeon Master Info,Enounters (scripted & random),Last Edited,NPCs,NPCs 1,Notable NPC 1,Notable NPC 2,Notable NPC 3,Notable NPC 3 (1),Organizations,Organizations Cont.,Player Description,Quests,Quests Associated,Quests Home,Ruling Government
Karnuk: A City Forged in Strength,,,,,,Unknown to PC,"Stonecutter's Guild (Multi-city) (Organizations,%20Clans,%20&%20Families/Campaign%20Organizations,%20Clans,%20&%20Families/Stonecutter's%20Guild%20(Multi-city)%20e2e83f6ceb6a478e8032bd833b642403.csv)","City, Location, Middledark","A Bastion of Stone and Steel:

Karnuk, a fortified city, stands proudly on the banks of a wide river, its imposing presence a testament to the resilience of its inhabitants. High stone walls encircle the city, their sturdy structure punctuated by vigilant guard towers at regular intervals. Heavily guarded gates serve as the sole entry points, where visitors undergo thorough inspections before being granted access.

In that case, the greatest threat facing Karnuk could be an external force such as an invading army or a powerful monster that poses a threat to the entire Underdark. Even with the alliance between the underground races, there could still be conflicts between them, but they would likely set aside their differences to face a common enemy. Alternatively, there could be a threat from the surface world, such as adventurers or armies seeking to plunder the resources of the Underdark. This could lead to tension and conflict between the surface and underground races, potentially even leading to all-out war.

Streets of Utility and Forged Might:

Within the protective embrace of the walls, Karnuk's life unfolds. Narrow, winding streets snake through the city, lined with buildings of practical design. Stone and wood form the primary materials, reflecting a utilitarian and functional approach to architecture, devoid of elaborate ornamentation. The central square throbs with the rhythm of industry, dominated by the city's heart: a large blacksmith's forge. Here, the master craftsmen of Karnuk, renowned for their exceptional skill, dedicate themselves to their craft.

Karnuk is known for having highly skilled blacksmiths who produce exceptional weapons and armor. Their craftsmanship is renowned throughout the Underdark and beyond, and many adventurers seek out Karnuk to purchase or commission custom-made gear.

A Cautious Welcome:

Hobgoblins and bugbears constitute the majority of Karnuk's population. While generally wary of outsiders, a deep respect for skilled craftsmanship tempers their initial apprehension. Visitors are advised to exercise caution but may find themselves welcomed as valuable trading partners, provided they possess the goods the city desires.

A Hub of Commerce and Industry:

Karnuk serves as a vital center for commerce within the region. Its blacksmiths, revered for their ability to forge high-quality weapons and armor, are the lifeblood of the city's economic prosperity. Many of their creations find their way onto the shelves of Vragathul's merchants, ultimately reaching various corners of the underground city and beyond.

Prepared for Adversity:

Despite its modest size, Karnuk's well-organized militia stands ready to defend against any threat. Trained to repel raiders and other hostile forces, this formidable force ensures the city's safety. Additionally, ample stores of food and weaponry within the walls ensure Karnuk's resilience in the face of prolonged sieges.

A City of Resolute Spirit:

Karnuk embodies the values of strength, craftsmanship, and unwavering determination. Its inhabitants, forged in the fires of hardship, prioritize hard work and practicality above all else. This city, built on the foundations of resilience and unwavering spirit, stands as a testament to the enduring human (or in this case, hobgoblin and bugbear) spirit.

Karnuk's Guilds: Masters of Craft and Coin
Karnuk, the city of steel and industry, thrives due to the specialized skills and expertise of its various guilds. Each guild, led by a renowned figure, contributes to the city's prosperity and influences the lives of its inhabitants.",,,"April 4, 2025 9:01 AM",The Broker (NPCs/The%20Broker%203aab536a5ff94350870df40f31416a32.csv),,,,,,"Blackfire, Brotherhood of the Forge, Brotherhood of the Iron Mine, Deepstone Miners, Emberweave Guild, Iron Fist Guild, Iron Hammer Clan, Shadow Fang Assassin, Steel Syndicate, Stonecutters","The Iron Hammer Clan has established trade connections with several surface cities, including human, dwarf, and elf settlements. They are known for their high-quality weapons and armor and have a reputation for being trustworthy and reliable. They also have a close relationship with Vragathul, which is a major customer for their goods.

The Deepstone Miners have a more isolated relationship with the surface races, as their work primarily involves digging deep into the earth. They do occasionally trade with surface settlements, but their focus is primarily on supplying valuable minerals and gems to the blacksmiths of Karnuk. They have a close relationship with the Iron Hammer Clan and often collaborate on large-scale projects.

The Brotherhood of the Forge is an exclusive society and does not have much interaction with the surface races. Their work is primarily focused on producing ornamental metalwork, and their goods are highly sought after by wealthy buyers throughout the Underdark. They have a somewhat contentious relationship with the other guilds, as they often work independently and are seen as somewhat elitist.",,,,,"Karnuk's leadership is embodied by Warchief Grakthar Ironfist, a formidable hobgoblin renowned for his exceptional skill in blacksmithing and his unwavering dedication to the city's defense and prosperity. Grakthar, a master craftsman himself, commands respect through his hands-on approach to leadership, often found working alongside his people in the forges or leading the militia in times of conflict. His pragmatic and resolute nature has earned him the loyalty of Karnuk's inhabitants, and under his guidance, the city has thrived as a hub of commerce and industry within the Underdark."
Vragathul: The Underground Metropolis,"A Future of Cooperation:
While establishing lasting peace with the surface races remains a distant dream, Vragathul takes tentative steps towards achieving this long-term goal. Overcoming deep-rooted prejudices and navigating historical conflicts will be an arduous journey, but Vragathul, with its unwavering spirit and diverse population, possesses the potential to become a beacon of hope, fostering understanding and cooperation between the surface and the Underdark.
Beyond the Central City:
Vragathul's influence extends beyond its central city walls. A network of outposts and settlements scattered throughout the Underdark maintains trade connections and strengthens alliances, solidifying Vragathul's position as a central power within the vast and complex Underdark landscape.",Underdark,,,,Unknown to PC,"Underdark Merchant Alliance (Organizations,%20Clans,%20&%20Families/Campaign%20Organizations,%20Clans,%20&%20Families/Underdark%20Merchant%20Alliance%20e7740330e8544cccad6f5e372216eec4.csv), Blackfire Alchemists (Organizations,%20Clans,%20&%20Families/Campaign%20Organizations,%20Clans,%20&%20Families/Blackfire%20Alchemists%2012817ec1170049d19caf0e664eec671f.csv)","City, Location, Middledark","Vragathul is a massive underground city located deep in the heart of the continent. It was originally built by a powerful alliance of dark elves and goblinoid races as a refuge from the genocide being committed by elves, dwarves, and humans. Over time, the city grew and evolved into a thriving metropolis that caters to all races that are shunned by the rest of the continent.

The city is divided into several districts, each corresponding to a particular caste. The districts are separated by walls and gates, and each has its own distinct architecture and culture.

A Hub of Industry and Opportunity
Deep within the Underdark, Vragathul pulsates with the rhythm of industry and trade. This multi-racial city, a haven for dark elves, goblinoids, beast-kind, and even a smattering of surface races, has carved its place as a prominent economic power within the Underdark.
Fueling the Underdark Economy:
Vragathul's economic engine is driven by three pillars:
• Mining: The city delves deep into the Underdark's heart, extracting valuable minerals and gems that fuel its economy and attract trade from far and wide.
• Manufacturing: Skilled artisans transform these raw materials into exquisite goods, renowned for their quality and craftsmanship. From gleaming weapons and armor to intricate jewelry and art pieces, Vragathul's manufactured goods are coveted throughout the Underdark.
• Trade: Vragathul serves as a central trading hub, connecting various Underdark settlements and fostering commerce. The city's merchants, many affiliated with prominent guilds like the Stonecutters, Deep Delvers, and Merchants Guilds, ensure a steady flow of goods and resources.
A City of Contradictions:
Despite its economic prosperity, Vragathul grapples with internal complexities:
• Racial Tensions: The city's diverse population can be a source of both strength and tension. While some embrace the cultural tapestry, historical conflicts and prejudices simmer beneath the surface, particularly between the traditional surface races and the indigenous Underdark inhabitants.",,,"October 24, 2025 6:16 AM",The Broker (NPCs/The%20Broker%203aab536a5ff94350870df40f31416a32.csv),,,"Situated to the east of the Noble District, it is the economic heart of the city. Home to banks, trading houses, and marketplaces, it bustles with activity from dawn to dusk. The buildings are tall and narrow, reflecting the crowded and bustling nature of the area.","Found to the south of the Noble District, it is where skilled craftsmen and women ply their trades. Characterized by narrow alleys and tightly packed workshops, artisans create everything from fine jewelry to intricate clockwork mechanisms.",,,,"Located at the center of the city, surrounded by high walls and guarded by heavily armed soldiers. This district is where the city's ruling class resides, characterized by grandiose palaces, elegant gardens, and lavish public spaces.",,,,"Vragathul's leadership rests with the High Council, a body composed of representatives from different races and social classes. This council, with figures like Viceroy Xarath at the helm, strives to maintain order, balance the needs of diverse communities, and ensure the city's well-being.
Driven by the constant threat of incursions from surface dwellers seeking to exterminate the Underdark's inhabitants, Vragathul has forged strategic alliances with other Underdark cities and races. This shared struggle against a common enemy has fostered a sense of unity and purpose within the city."
Uttp: The Upper Tunnels Trading Post,"Cause of Drogon's Consternation: Drogon's consternation arises from reports suggesting that a clandestine meeting is set to occur at UTTP. The identities of the attendees remain undisclosed, but rumors suggest that high-ranking individuals from both surface and Underdark factions are involved. Given the sensitive nature of the meeting and its potential implications for the balance of power in the region, Drogon is deeply concerned about the potential fallout and seeks to gather more information.",Neutral,"UTTP serves as a true-neutral territory, fostering an environment where commerce takes precedence over political allegiances or racial tensions. While individual traders may harbor personal biases or loyalties, the overarching goal of UTTP is to maintain a neutral space where goods can be bought, sold and exchanged without fear of conflict.",,,Unknown to PC,,"City, Location, Middledark","As the players approach the Upper Tunnels Trading Post (UTTP), they find themselves standing at the threshold of a bustling hub of commerce nestled within the upper reaches of the Underdark. The trading post is a testament to the collaborative efforts of a diverse group of individuals, representing various surface and Underdark races, who have come together in pursuit of mutual economic interests.

The entrance to UTTP is marked by a sturdy gate flanked by torches, casting flickering shadows against the cavern walls. As the players pass through the gate, they are greeted by the sights and sounds of a vibrant marketplace. Stalls and booths line the cavern floor, showcasing a dizzying array of goods and commodities from both surface and Underdark origins. Merchants haggle with customers in a cacophony of languages, while traders weave through the crowds, their laden carts piled high with exotic wares.

In the center of the trading post stands a grand structure, its architecture a fusion of surface and Underdark influences. This building serves as the administrative hub of UTTP, where the council governing the trading post convenes to make decisions and resolve disputes. The air inside is alive with the hum of activity as council members and traders alike come and go, their voices echoing off the cavern walls.

Nearby, an inn beckons weary travelers with the promise of food, drink, and rest. Its common room is filled with the scent of hearty meals and the sound of laughter, providing a welcome respite from the hustle and bustle of the marketplace. Meanwhile, a secure warehouse stands at the edge of the trading post, its imposing doors guarded by vigilant sentinels. Within its depths lie the precious cargo of traders, protected by a web of magical wards and traps.

Overall, UTTP exudes an atmosphere of bustling activity and cultural exchange, where individuals from all walks of life come together in pursuit of profit and opportunity. Yet beneath the surface of this bustling marketplace lies an undercurrent of tension and intrigue, as rumors swirl of clandestine meetings and hidden agendas. As the players navigate the labyrinthine corridors of UTTP, they must tread carefully, for dangers and secrets lurk in every shadow.","Deep within the Underdark's upper reaches lies the Upper Tunnels Trading Post (UTTP), a bustling nexus of trade and diplomacy between the surface world and the shadowy depths below. Despite its modest size, the outpost buzzes with activity, its cavernous halls echoing with the sounds of bartering merchants, clinking coin, and the occasional rumble of distant tremors.

Facilities:
• Trading Office: The heart of UTTP, this central building houses administrative functions. Traders negotiate deals, record transactions, and settle disputes under the watchful eye of outpost officials. Maps, ledgers, and diplomatic insignia adorn the walls, signifying its role as a crossroads of trade and diplomacy.
• Neutral Grounds Inn: A haven in the Underdark's depths, this inn offers weary travelers lodging and refreshments. Patrons from diverse backgrounds gather in the common room, sharing tales of their journeys and forging fleeting bonds over shared meals and drinks.

• Secure Warehouse: Heavily fortified walls and reinforced doors safeguard this vital structure. Protected by intricate magical wards, traps, and vigilant guards, it houses valuable goods, ensuring only authorized personnel have access.
Purpose: The UTTP plays a vital role within the Upper Underdark:
• Trade: Surface merchants and Underdark denizens converge here to exchange goods, from precious gems and enchanted artifacts to exotic spices and rare herbs. The outpost's strategic location makes it an ideal meeting point for traders seeking to capitalize on lucrative opportunities in distant markets.
• Diplomacy: A neutral ground where rival factions set aside their differences in pursuit of profit, the UTTP facilitates negotiations and cultural exchanges between surface settlements and Underdark civilizations. Ambassadors, envoys, and emissaries gather to forge alliances, resolve conflicts, and foster understanding.
• Security: Despite its focus on commerce and diplomacy, UTTP remains vigilant against external threats and internal unrest. Guards patrol the perimeter, scrutinizing arrivals and deterring troublemakers, while magical wards and traps provide an additional layer of defense against intruders.
Adventurers seeking wealth, intrigue, or answers to ancient mysteries may find themselves drawn to the UTTP. Whether driven by fortune, fame, or a thirst for knowledge, the outpost offers a gateway to adventure in the shadowy depths of the Underdark.

Management: A consortium of independent merchants, traders, and representatives from both surface and Underdark races jointly operate the UTTP. These individuals, united by their pursuit of mutual economic interests, seek profit by facilitating trade between the two worlds.
Known Organizations:

• Underdark Merchant Alliance: Representing traders and merchants from the Underdark, this organization seeks to secure its members' interests within the UTTP.
• Surface Traders Consortium: This group advocates for the interests of surface merchants and traders within the outpost.
• Deep Market Syndicate: Operating on the fringes of legality, this syndicate caters to those willing to deal in illicit goods and engage in questionable practices.
True Neutrality: UTTP functions as a true-neutral territory, prioritizing commerce over political allegiances and racial tensions. While individual traders may harbor personal biases, the overarching goal remains to maintain a neutral space for buying, selling, and exchanging goods without fear of conflict.",,"December 12, 2024 7:10 PM",The Broker (NPCs/The%20Broker%203aab536a5ff94350870df40f31416a32.csv),,"Elandra Brightwood
• Race: Human
• Class: Bard (College of Lore)
• Level: 5
• Short Background: Elandra hails from a family of diplomats and has been trained in the arts of negotiation and diplomacy from a young age. She traveled extensively, honing her skills in various courts and diplomatic circles before settling at the Upper Tunnels Trading Post. Elandra is respected for her impartiality, integrity, and ability to navigate complex political landscapes.
• GM Playing Style: Elandra is a charismatic and diplomatic character who excels at verbal sparring and negotiation. The GM should portray her as composed, articulate, and well-versed in etiquette. She tends to speak in measured tones and uses her charm and persuasion to influence others. When mediating disputes, Elandra remains neutral and objective, carefully weighing both sides before resolving. She is a shrewd observer, always on the lookout for hidden agendas or ulterior motives.","Gorunn Stonebreaker
• Race: Dwarf
• Class: Fighter (Battle Master)
• Level: 6
• Short Background: Gorunn hails from a long line of dwarven warriors and has dedicated his life to the defense of his clan and kin. He served with distinction in various military campaigns in the Underdark, earning a reputation as a fearless leader and tactician. Gorunn was appointed as the Militaristic Representative of the Upper Tunnels Trading Post due to his extensive combat experience and unwavering dedication to safeguarding the interests of his people.
• GM Playing Style: Gorunn is a gruff and stoic character who values discipline and strength. The GM should portray him as a no-nonsense leader who commands respect through his actions rather than words. Gorunn speaks bluntly and directly, often getting straight to the point without mincing words. He is fiercely protective of the trading post and its inhabitants, always vigilant for potential threats. In combat situations, Gorunn demonstrates strategic thinking and tactical prowess, directing allies with precision and decisiveness.","Lyra Shadowheart
• Race: Tiefling
• Class: Sorcerer (Divine Soul)
• Level: 7
• Short Background: Lyra's tiefling heritage has always set her apart from society, but she has embraced her magical gifts and used them to carve out a niche for herself in the arcane world. Trained by secretive mentors in the ways of sorcery, Lyra has delved deep into the mysteries of magic, unlocking potent spells and arcane secrets. She was chosen as the Arcane Representative of the Upper Tunnels Trading Post for her expertise in magical lore and her ability to mediate disputes involving arcane matters.
• GM Playing Style: Lyra is a mysterious and enigmatic character with an air of otherworldliness. The GM should portray her as possessing an aura of quiet confidence and inner strength. Lyra speaks with a calm and measured tone, her words imbued with arcane knowledge and insight. She is deeply attuned to magical energies and can sense disturbances in the arcane weave. When resolving conflicts, Lyra relies on her intuition and understanding of magical principles to find creative solutions. She is also adept at using her magical abilities to assist others and defend the trading post from mystical threats.",,"Deep Market Syndicate, Surface Traders Consortium, Underdark Merchant Alliance","These groups represent a diverse array of traders, merchants, and smugglers, all seeking to capitalize on the lucrative opportunities presented by the exchange of goods between the surface and the Underdark.",,,,(1)Lost Miners & Diplomatic Relations (Quests/Quests%20Home/(1)Lost%20Miners%20&%20Diplomatic%20Relations%20bc501c7e027048e1973d2b2b85ca7b25.csv),"Who Runs It: The Upper Tunnels Trading Post is jointly operated by a consortium of independent merchants, traders, and representatives from both surface and Underdark races. These individuals have come together in pursuit of mutual economic interests, seeking profit through the facilitation of trade between the surface world and the depths below."
Zarakzul: A Jewel in the Underdark,,"Deepwater Fishers, Guardians of Shadow, Iron Gears, Karnuk, The Deep Lords, The Silent Assembly, Ulfgar, Underdark, Vragathul",SEE BELOW,,,Unknown to PC,"Masters of the Deep (Organizations,%20Clans,%20&%20Families/Campaign%20Organizations,%20Clans,%20&%20Families/Masters%20of%20the%20Deep%20d56e5e79cda14a7cb80eeba73ba48ac0.csv), Shadow Scale Clan (Organizations,%20Clans,%20&%20Families/Campaign%20Organizations,%20Clans,%20&%20Families/Shadow%20Scale%20Clan%201443846ecefb44bcb93499994b2a6ce3.csv), Iron Gears (Organizations,%20Clans,%20&%20Families/Campaign%20Organizations,%20Clans,%20&%20Families/Iron%20Gears%20751d69ae15dc433b95c01747b76dfde9.csv)","City, Location, Middledark","—-

Zarakzul is a vibrant and industrious city, built around a vast underground lake that sustains its inhabitants. The kobolds and goblins who call this city home are skilled fishermen and craftsmen, their lives deeply intertwined with the natural bounty of the lake. The city's peaceful relations with its neighbors, including Vragathul and Karnuk, contribute to its overall security and prosperity.

However, Zarakzul is not without its challenges. The threat of raids from duergar and orc groups, as well as a growing undead menace, keeps the inhabitants vigilant and prepared for danger. Notable figures such as Graxor the Fishmaster, Jalla Bonecarver, and Sarlac the Watchful play key roles in maintaining the city's stability and prosperity.

——

Nestled northwest of Vragathul, Zarakzul emerges as a vibrant city within the depths of the Underdark. While relatively small in size, it boasts a unique population of kobolds and goblins who thrive on the city's natural bounty.

A City Built by the Lake
Zarakzul flourishes around a vast underground lake, its lifeblood. This freshwater source not only sustains the inhabitants but also fuels a thriving fishing industry. Many of the city's structures hug the cavern walls, their design reflecting a deep connection to this vital resource.

Masters of the Depths
The kobolds and goblins of Zarakzul are adept fishermen, adeptly navigating the depths of their lake. Their expertise translates into a flourishing trade in fish and other aquatic resources, ensuring a steady flow of goods and prosperity. Beyond the lake, their skills extend to hunting and trapping, venturing into the surrounding caverns to supplement their diet with game.

A Legacy of Craft
Despite its modest size, Zarakzul fosters a community of skilled artisans and craftsmen. Tucked within the city are numerous workshops where the rhythmic clang of hammers and the meticulous work of skilled hands create practical tools, weapons, and other necessities. These artisans possess a particular talent for working with bone and shell, crafting intricate and beautiful objects that stand as testaments to their ingenuity.

A Network of Cooperation
Zarakzul fosters peaceful relations with its neighbors, including the bustling metropolis of Vragathul, the stoic city of Karnuk, and nearby settlements of kobolds and goblins. This network of alliances contributes to the city's overall sense of security and allows for mutually beneficial trade and cultural exchange.
Facing the Darkness

While generally peaceful, Zarakzul, like any Underdark city, is not without its dangers. The inhabitants remain vigilant, wary of the lurking creatures that call the caverns home. This constant awareness is especially crucial due to:

• Raiding Threats: Zarakzul faces a significant threat from frequent raids by nearby groups of duergar and orcs. These brutal raiders seek to steal the city's resources and enslave its inhabitants. While the kobolds and goblins have successfully repelled these attacks so far, they must maintain a strong defense and constant vigilance to protect their home.

• Undead Menace: Additionally, there are disturbing reports of a growing number of undead creatures stirring in the surrounding tunnels. Left unchecked, this growing menace could pose a significant threat to the city's safety and security.

A City of Bounty
Despite the dangers, Zarakzul is renowned for two unique treasures:

• Skilled Fishermen and Freshwater Pearls: The city's inhabitants have developed exceptional fishing techniques, allowing them to harvest the lake's bounty and produce some of the most flavorful fish dishes in the Underdark.

• Freshwater Pearls: The lake is home to a unique species of freshwater mussels that produce valuable pearls. The kobolds and goblins of Zarakzul harvest and trade these pearls with other settlements in the Underdark, adding another layer to their economy and cultural significance.

Zarakzul stands as a testament to the resourcefulness and resilience of its inhabitants. This small city, nestled within the depths, offers a glimpse into a unique and thriving community, where the bounty of the Underdark, the skill of its people, and the ever-present challenges weave a tapestry of life, industry, and unwavering determination.",,,"August 4, 2024 7:23 PM","Grixiz (NPCs/Grixiz%208695fc8b64394b54896b2941a752a151.csv), The Broker (NPCs/The%20Broker%203aab536a5ff94350870df40f31416a32.csv)",Grixiz (NPCs/Grixiz%208695fc8b64394b54896b2941a752a151.csv),"Graxor the Fishmaster:
• Role: Leader of the fishing guild.
• Description: A grizzled kobold with scales that shimmer like the lake’s surface. Graxor’s extensive knowledge of the lake’s ecosystem has made him an invaluable asset to the city’s fishing industry.
• Personality: Gruff but fair, with a deep respect for nature. Known for his practical wisdom and no-nonsense attitude.","Jalla Bonecarver:
• Role: Master artisan.
• Description: A talented goblin who specializes in crafting intricate items from bone and shell. Jalla’s workshop is filled with delicate carvings and functional tools that showcase her exceptional skill.
• Personality: Creative and meticulous, with a penchant for storytelling. Jalla often regales visitors with tales of her creations.","Sarlac the Watchful:
• Role: Head of city security.
• Description: A burly goblin with sharp eyes and a scar running down his cheek. Sarlac has defended Zarakzul from numerous threats and is known for his strategic mind and unyielding dedication to the city’s safety.
• Personality: Stern and disciplined, but deeply loyal to his people. Sarlac is both respected and feared by the inhabitants of Zarakzul.",,"Deepwater Fishers, Iron Gears, Shadow Scale Clan","Guardians of the Shadows:

• Shadow Scale Clan: Led by the cunning goblin rogue Zara Nightshade, this guild comprises skilled rogues and assassins. Their expertise lies in stealth and agility, making them the go-to choice for security and protection services within the city. They are often hired for covert operations, eliminating threats that endanger Zarakzul's peace and stability.
Masters of the Deep:

• Deepwater Fishers: Headed by the experienced kobold Grik Stonefin, this guild specializes in fishing and aquaculture within the city's lifeblood, the underground lake. Their adept fishing techniques ensure a steady supply of fresh fish for Zarakzul's inhabitants. They are also known for their surplus, which they trade with other Underdark settlements, further strengthening the city's economic reach.

Shaping the Future:
• Iron Gears: Led by the ingenious kobold Brik Ironwheel, this engineering guild is responsible for crafting machines and devices that serve diverse purposes, including mining and transportation. Their reputation for exceptional mechanical skills and innovative spirit ha","As you approach Zarakzul, the air grows cool and damp, and the sound of water echoes through the tunnels. Emerging from the darkness, you find yourselves standing on the shores of a vast underground lake. The city of Zarakzul spreads out before you, its structures clinging to the cavern walls like barnacles. Kobolds and goblins bustle about, their movements purposeful and efficient.

The scent of fresh fish mingles with the earthy aroma of the cavern, and you see fishing boats bobbing gently on the lake’s surface. Workshops line the streets, filled with the sounds of hammers and saws as artisans craft tools and weapons from bone and shell. The city exudes a sense of industriousness and resilience, a testament to the resourcefulness of its inhabitants.",See Below,"Bonecarvers Oath, Echoes of the Deep, Festival of Lights, The Phantom Pearl Diver, The Whispering Shadows",(2)The Masks We Wear (Quests/Quests%20Home/(2)The%20Masks%20We%20Wear%209e652e94f4974fd78dbd091a719805a2.csv),
Ulfgar: The Underground Jewel,"Random Encounters Leaving Ulfgar (Perception-Based)
Perception Roll: 1-2
• Street Brawl: Characters notice a heated altercation between two groups of individuals.
Perception Roll: 3-4
• Pickpocketing Attempt: Characters spot a suspicious individual attempting to pickpocket passersby.
Perception Roll: 5-6
• Hidden Message: Characters notice a hidden message or symbol indicating a secret meeting location.
Perception Roll: 7-8
• Street Performer: Characters observe a talented street performer entertaining a crowd.
Perception Roll: 9-10
• Merchant's Bargain: Characters overhear a merchant offering a special discount on goods.
Perception Roll: 11-12
• Shady Dealings: Characters observe a suspicious exchange between two individuals in an alleyway.
Perception Roll: 13-14
• Lost Pet: Characters spot a distressed individual searching for a lost pet.
Perception Roll: 15-16
• Hidden Entrance: Characters discover a concealed passage behind a false facade.
Perception Roll: 17-18
• City Watch Patrol: Characters encounter a patrol of city watch guards making their rounds.
Perception Roll: 19-20
• Street Market Bargain: Characters find a vendor offering discounted goods at a street market.","Neutral, Underdark",,,,Known Of,"Stonecutter's Guild (Multi-city) (Organizations,%20Clans,%20&%20Families/Campaign%20Organizations,%20Clans,%20&%20Families/Stonecutter's%20Guild%20(Multi-city)%20e2e83f6ceb6a478e8032bd833b642403.csv), The Deep Delvers Guild (Organizations,%20Clans,%20&%20Families/Campaign%20Organizations,%20Clans,%20&%20Families/The%20Deep%20Delvers%20Guild%205351299bd1c14f738e60324b9f0b2f3e.csv), The Merchants Guild (Organizations,%20Clans,%20&%20Families/Campaign%20Organizations,%20Clans,%20&%20Families/The%20Merchants%20Guild%20954d896e99a94fe1b62c8fef89043a41.csv)","City, Location, Middledark","History and Heritage:
Ulfgar's origins are lost in the mists of time, its foundations laid by dwarven and gnomish pioneers seeking refuge within the earth's embrace. Legends whisper of a visionary migration, led by bold clan leaders who saw potential for prosperity beneath the rugged mountains of the Upperdark. Over centuries, these pioneers carved a sprawling network of tunnels, laying the groundwork for what would become the thriving subterranean city of Ulfgar.

The Veins of Wealth:
Ulfgar's prosperity stems from the treasure trove hidden beneath its rocky exterior. The city's labyrinthine tunnels snake through veins of precious metals and gems, from iron and gold to mithril and alchemical wonders. Generations of miners have toiled tirelessly, filling Ulfgar's coffers with the fruits of their labor. This abundance has cemented Ulfgar's position as a hub of commerce and trade within the Upperdark.

Forging a Legacy:
The heart of Ulfgar beats within its bustling forges and workshops, where skilled artisans breathe life into raw materials with unwavering dedication. The rhythmic clang of hammer on anvil and the hiss of molten metal are the constant companions of this subterranean realm. Ulfgar's master smiths and jewelers transform raw materials into works of art - from finely crafted weapons and armor to intricate jewelry and enchanted artifacts. Their renown for skill and artistry echoes throughout the Underdark.

Defenses Carved in Stone:
Ulfgar stands as a fortress city, its stout stone walls and sturdy gates serving as bulwarks against the ever-present dangers lurking in the darkness. Guard towers pierce the sky, their watchful eyes manned by vigilant sentries. Should the city face attack, its unwavering defenders stand ready, armed with the finest weapons and armor forged within Ulfgar's own halls.

A Tapestry of Culture:
Despite its subterranean setting, Ulfgar thrives on a vibrant tapestry of cultures and traditions. Dwarves and gnomes live side-by-side with other denizens of the Underdark, creating a unique blend of customs and practices. The city's bustling marketplaces are a testament to this diversity, where merchants from far and wide gather to trade and share tales from distant realms. Laughter and song fill taverns and alehouses, as travelers and locals alike celebrate life amidst the ever-present darkness.

A Haven of Innovation:
Ulfgar's inhabitants are not content with the status quo; they constantly push the boundaries of knowledge and innovation. The city is home to numerous guilds and academies dedicated to unraveling the mysteries of mining, engineering, and arcane lore. Scholars and inventors toil tirelessly to develop new techniques and technologies, from steam-powered machinery to enchanted crystals that harness the power of elemental magic.

A Beacon of Sympathy:
Ulfgar stands apart from many other settlements in the Underdark due to its stance on the conflicts plaguing the region, particularly regarding Vragathul. While other cities harbor deep-seated prejudices and animosity towards neighboring races, Ulfgar champions tolerance and cooperation. Its leaders recognize the futility of endless warfare and vehemently oppose the surface world's desire for genocide. Instead, they advocate for diplomacy, understanding, and peaceful coexistence, believing that only through mutual respect can lasting peace be achieved in the turbulent depths of the Underdark.

Conclusion:
Ulfgar is more than just a city; it is a testament to the resilience, ingenuity, and spirit of its people. From its humble beginnings as a refuge in the depths, it has become a thriving metropolis, a beacon of civilization amidst the darkness. Its legacy will endure for generations to come, a shining example of what can be achieved when determination and craftsmanship meet opportunity and innovation.",,Ulfgar to Mine Encounter Tables (Encounters/Enounters%20(scripted%20&%20random)/Ulfgar%20to%20Mine%20Encounter%20Tables%202bc9abba31fc47c9a0aaf4e016f22c58.csv),"August 4, 2024 7:23 PM","Drogon Stonebeard (NPCs/Drogon%20Stonebeard%2094be00f8beb3413e877b25e6c5ed5ddf.csv), The Broker (NPCs/The%20Broker%203aab536a5ff94350870df40f31416a32.csv)",Drogon Stonebeard (NPCs/Drogon%20Stonebeard%2094be00f8beb3413e877b25e6c5ed5ddf.csv),,"Adelaine Stormheart: A human adventurer with fiery red hair and piercing green eyes, Adelaine has a reputation for being fearless and determined. Widely regarded as one of the best explorers in the region, she has led many successful expeditions into the Underdark. Her keen eye for spotting valuable minerals and gems makes her invaluable to the guild's success.","Glim Fastfoot: A halfling with nimble fingers and an even quicker wit, Glim is a shrewd negotiator and a savvy businessman. He has built up a vast network of contacts and trading partners throughout the region, earning the respect of his fellow guild members for his financial acumen and ability to turn a profit even in the most challenging economic conditions.",,"Deep Delvers, Merchants Guild, Stonecutters","Ulfgar's prosperity extends beyond its rich mineral deposits and industrious inhabitants. The city thrives due to the dedication and expertise of various guilds, each contributing significantly to its well-being and continued growth.

The Stonecutters Guild:
• Expertise: Stonework, mining, and engineering.
• Role: This guild forms the backbone of Ulfgar's mining operations. Their skilled laborers and engineers are responsible for:
    ◦ Extracting valuable resources from the depths.
    ◦ Maintaining the intricate network of tunnels and chambers, ensuring the safety and stability of the city's infrastructure.
    ◦ Crafting exquisite stone and metal goods, renowned for their quality and artistry. These handcrafted pieces are highly sought after throughout the region, further bolstering the city's economy.

• Leader: Throgmar Stonehammer: A dwarf with a salt-and-pepper beard, Throgmar is a skilled stonemason and engineer with decades of experience in mining operations. His sharp mind and strategic thinking have earned him the respect of his peers. He is known for his fair and just leadership, ensuring the guild operates smoothly and efficiently.

The Deep Delvers Guild:
• Expertise: Exploration, adventuring, and combat.
• Role: These brave individuals venture into the perilous depths of the Underdark, pushing the boundaries of exploration. Their daring expeditions serve multiple purposes:
    ◦ Discovering new veins of ore and uncovering valuable minerals and gems, further enriching the city's resources.
    ◦ Unearthing ancient artifacts and treasures, not only enriching Ulfgar's cultural heritage but also potentially yielding significant financial gain.
    ◦ Acting as mercenaries, providing crucial protection for ongoing mining operations and safeguarding trade caravans navigating the dangers of the Underdark.

• Leader: Adelaine Stormheart: A human adventurer with fiery red hair and piercing green eyes, Adelaine has a reputation for being fearless and determined. Widely regarded as one of the best explorers in the region, she has led many successful expeditions into the Underdark. Her keen eye for spotting valuable minerals and gems makes her invaluable to the guild's success.

The Merchants Guild:
• Expertise: Trade, negotiation, finance, and investment.
• Role: The Merchants Guild plays a pivotal role in Ulfgar's economic prosperity by:
    ◦ Overseeing the trade of goods entering and leaving the city, ensuring a steady flow of essential supplies and maximizing profits from exported resources and crafted goods.
    ◦ Negotiating favorable prices for raw materials and finished products, securing the best deals for the city and its businesses.
    ◦ Fostering strong relationships with other merchant guilds throughout the region, establishing trade networks and promoting Ulfgar's economic influence.
    ◦ Functioning as a central bank and financial institution, offering loans and investment opportunities, encouraging entrepreneurial spirit and facilitating the growth of new businesses within the city.

• Leader: Glim Fastfoot: A halfling with nimble fingers and an even quicker wit, Glim is a shrewd negotiator and a savvy businessman. He has built up a vast network of contacts and trading partners throughout the region, earning the respect of his fellow guild members for his financial acumen and ability to turn a profit even in the most challenging economic conditions.

These three guilds, led by their capable and experienced leaders, represent just a glimpse into the diverse tapestry of skills and industries that contribute to Ulfgar's success. Each guild, with its unique expertise and dedication, plays a vital role in ensuring the city's continued prosperity and solidifying its position as a prominent center of trade, industry, and exploration within the depths of the Underdark.","Throgmar Stonehammer: A dwarf with a salt-and-pepper beard, Throgmar is a skilled stonemason and engineer with decades of experience in mining operations. His sharp mind and strategic thinking have earned him the respect of his peers. He is known for his fair and just leadership, ensuring the guild operates smoothly and efficiently.",,"Main Quest, Side Quest","(2)The Masks We Wear (Quests/Quests%20Home/(2)The%20Masks%20We%20Wear%209e652e94f4974fd78dbd091a719805a2.csv), (1)Lost Miners & Diplomatic Relations (Quests/Quests%20Home/(1)Lost%20Miners%20&%20Diplomatic%20Relations%20bc501c7e027048e1973d2b2b85ca7b25.csv)",
Ironbeard Bastion,,,,,,Unknown to PC,,,,,,"August 4, 2024 10:12 AM",,,,,,,,,,,,,
Hammerhold (Formerly Mithral Hall),"Cultural Significance: Hammerhold is not just a stronghold but a cultural hub. Dwarven festivals, such as the Forgefire Festival, celebrate the city's heritage and craftsmanship.
Hidden Depths: The lower levels of Hammerhold contain ancient ruins and abandoned mines, perfect settings for quests involving lost treasures, ancient secrets, and hidden dangers.
Political Intrigue: The city's ruling council includes representatives from various guilds and factions, leading to potential political intrigue and power struggles. Players might navigate these complexities to gain favor or achieve their goals.","Karnuk, The Deep Lords, The Silent Assembly, Ulfgar, Vragathul",,,,Unknown to PC,,"City, Dwarven, Location, Upperdark","Hammerhold, a city of unyielding stone and relentless industry, stands as a testament to the indomitable spirit of the dwarves. Carved directly into the heart of a colossal cavern, this stronghold's architecture is a blend of practical fortification and intricate artistry. Massive stone gates, adorned with ancient runes of protection and strength, guard the entrances. Within, the streets are meticulously paved, leading to grand halls, bustling marketplaces, and the ever-resonant forges.

The city's layout is tiered, with the upper levels housing the ruling class and the most skilled artisans, while the lower levels are dedicated to the forges, mines, and the homes of the laborers. The central square is dominated by a towering statue of Moradin, the dwarven god of creation, his hammer raised in eternal vigilance. The air is thick with the scent of molten metal and the rhythmic clang of hammers, underscoring the city's lifeblood: its forges.",,,"August 4, 2024 8:56 AM",,,Thrain Stonefist,Brynna Blackforge,Eldrin Deepdelver,,"The Deepdelvers Society, The Forgemasters Guild, The Stoneguard",,"As you step through the towering gates of Hammerhold, the first thing that strikes you is the sheer scale of the place. This is no mere city—it is a fortress, a living testament to dwarven tenacity. The streets, paved with perfectly fitted stones, lead you through a labyrinth of towering halls and bustling markets. The air hums with activity; the clanging of hammers against anvils, the sizzle of molten metal, and the rhythmic chants of smiths hard at work.

Everywhere you look, there are signs of unparalleled craftsmanship. Intricate carvings adorn the walls, depicting epic battles, legendary heroes, and the rich history of the dwarven people. The scent of iron and coal fills your nostrils, mingling with the savory aroma of hearty dwarven cuisine wafting from taverns and eateries.

In the heart of the city stands a colossal statue of Moradin, the Soul Forger, his hammer raised high as if in blessing over the industrious city. Around the statue, dwarves of all ages and trades bustle about their business, each contributing to the city's unending symphony of creation and trade.",TBD,"Allies in Arms, Shadows in the Depths, The Heart of the Forge",,Thrain Stonefist - The Iron Chancellor
Stonekeep Hall,,,,,,Unknown to PC,,,,,,"August 19, 2024 8:59 PM",,,,,,,,,,,,,
Murkhold Crossing,,,,,Shadowed Flask (Locations/Shadowed%20Flask%2046c94d36ff044f2f978d3ba999f6beba.csv),Known Of,,"Location, Middledark",,,,"September 14, 2024 9:47 AM",Veysha Shadewhisper (NPCs/Veysha%20Shadewhisper%20d3caa2a9eca245698f9582e008da333b.csv),,"Nalfiir ""Crimson Fang"" Veldrin","Zeren ""Brightscale"" Thalassus",Qisarra Shadowtongue (Rumor Monger),Skrag Stonejaw (Outpost Guard Captain),,,,,,,Veysha Shadewhisper
Shadowed Flask,,,,,Murkhold Crossing (Locations/Murkhold%20Crossing%206c98eb8ff8364152b1011207787d4791.csv),Unknown to PC,,,,,,"February 27, 2026 5:00 PM",,,,,,,,,,,,,
Borins Stash,,,,,,Unknown to PC,,,,,Borins Stash (Encounters/Enounters%20(scripted%20&%20random)/Borins%20Stash%201019d8fc6e5080ebb125d7e274246340.csv),"September 14, 2024 9:33 AM",,,,,,,,,,,,,
Near Iron Hallow Mine Cave Route,,,,,,Unknown to PC,,,,,Tunnel Interests (Encounters/Enounters%20(scripted%20&%20random)/Tunnel%20Interests%2010f9d8fc6e508086a204ec18663df665.csv),"September 28, 2024 12:23 PM",,,,,,,,,,,,,